Feature,Coefficient
Calendar Year,11.380570554481737
Ranking,-26.781545714033086
Cause_( Blank ),-380.59227142983303
Cause_Accidental poisoning by and exposure to drugs and other biological substances,-202.3910072666621
Cause_Acute myocardial infarction,118.55156839631155
Cause_Alcoholic liver disease,-315.04497571582414
Cause_All other and unspecified accidents and their sequelae,-198.38095945804633
Cause_All other diseases of nervous system,-347.5522478116695
Cause_All other diseases of respiratory system,-324.7168828982018
Cause_All other forms of chronic ischemic heart disease,658.4386544521084
Cause_Alzheimer's disease,-399.9353483352088
Cause_Aortic aneurysm and dissection,-191.09743597404673
Cause_Atherosclerosis,-281.2370409583922
"Cause_Atherosclerotic cardiovascular disease, so described",-252.31620938889134
"Cause_Atrial fibrillation and atrial flutter, unspecified",-390.53873531825354
"Cause_COVID-19, virus identified",377.024329132271
Cause_Conduction disorders and cardiac dysrhythmias,-333.4921209575407
Cause_Congestive heart failure,-400.3054088549496
Cause_Diabetes mellitus,-419.6257657042347
Cause_Fibrosis and cirrhosis of liver,-244.60306881261712
Cause_Hypertensive heart disease,-363.17808178906546
"Cause_Intentional self-harm (suicide) by hanging, strangulation and suffocation",-297.3659763806911
Cause_Intracerebral and other intracranial hemorrhage,-269.47243508267275
Cause_Malignant neoplasm of breast,-440.9916469899519
"Cause_Malignant neoplasm, primary site unspecified",-228.060381989621
Cause_Malignant neoplasms of  pancreas,-443.4550240481868
Cause_Malignant neoplasms of brain,-227.8646870250426
Cause_Malignant neoplasms of colon,-436.26330805530284
Cause_Malignant neoplasms of esophagus,-233.10119119976144
Cause_Malignant neoplasms of pancreas,-416.00014437322534
Cause_Malignant neoplasms of prostate,-406.79413822806794
Cause_Malignant neoplasms of rectosigmoid junction and rectum,-263.52833077906905
Cause_Malignant neoplasms of stomach,-139.83385696620155
"Cause_Malignant neoplasms of trachea, bronchus and lung",355.5344568915069
Cause_Malignant neoplasms ofpancreas,-368.9761359506043
Cause_Mental and behavioral disorders due to use of alcohol,-239.46135714916707
Cause_Non-Hodgkin's lymphoma,-299.091537684288
Cause_Not Stated,-365.3176234996405
Cause_Organic dementia,133.06856020276828
Cause_Other and unspecified land transport accidents,-141.53434454597198
Cause_Other and unspecified motor vehicle accidents,-302.7787687787786
Cause_Other cerebrovascular diseases and their sequelae,-258.79833872428503
Cause_Other chronic obstructive pulmonary disease,-102.36189754505072
Cause_Other ill-defined and unknown causes of mortality,625.6782053618493
Cause_Other malignant neoplasms of other and unspecified sites,-417.05693396375347
Cause_Parkinson's disease,-347.5148783037966
Cause_Pneumonia due to other or unspecified organisms,-419.593000671963
Cause_Pneumonitis due to food and vomit,-275.9211787884752
"Cause_Poisoning by and exposure to drugs and biological substances, undetermined intent",-393.44725524769433
Cause_Renal failure,-336.11399190041556
Cause_Septicemia,-276.63960130238684
"Cause_Stroke, not specified as hemorrhage or infarction",-306.2866627135353
Cause_Vascular disorders and obstruction of intestine without hernia,-228.34946740152674
